{
  "fgj_filas_validas_post_clean": 2086791,
  "fgj_anios_validos": [
    2016,
    2017,
    2018,
    2019,
    2020,
    2021,
    2022,
    2023,
    2024,
    2025
  ],
  "fgj_alcaldias_detectadas": 17,
  "share_robo_territorial_total": 0.30406494948463936,
  "share_fraude_total": 0.07337294439165207
}